"card_id","name","dob","gender"
"1","Jessica Flatley","","m"
"2","Hildegard Farrell","","m"
"3","Damon West","","m"
"4","Dillan Lockman","","m"
"5","Prof. Marilou Stamm","","f"
"6","Dr. Jaden Miller","","f"
"7","Darrion Lindgren","","m"
"8","Leif Kohler","","f"
"9","Ardella Casper DDS","","m"
"10","Angelita Carter","","f"
"11","Amya Cole","","f"
"12","Rhea Dare","","f"
"13","Izaiah Funk V","","f"
"14","Dr. Lilian Stark","","f"
"15","Eulah Reynolds DDS","","f"
"16","Louie Bins","","m"
"17","Nelda Stiedemann","","m"
"18","Merritt Romaguera","","f"
"19","Prof. Rowan Cronin","","m"
"20","Coleman Wiegand","","m"
"21","Johnny Hodkiewicz","","m"
"22","Leonora McLaughlin","","f"
"23","Miss Elfrieda McKenzie V","","m"
"24","Prof. Kacie Fritsch","","f"
"25","Flavie Gulgowski PhD","","f"
"26","Mrs. Dianna Connelly DVM","","m"
"27","Prudence Reinger","","m"
"28","Marlee Stanton","","m"
"29","Mr. Jovany Simonis","","f"
"30","Magnus Welch","","m"
"31","Raymundo Larkin","","m"
"32","Tania Purdy V","","f"
"33","Theresia Hintz","","f"
"34","Joel Wintheiser","","f"
"35","Maurine Nitzsche","","f"
"36","Providenci Feeney IV","","f"
"37","Mr. Stuart Ondricka IV","","m"
"38","Dr. Minerva Cormier","","f"
"39","Leon Nolan","","f"
"40","Adrien Spencer","","f"
"41","Dr. Jamarcus Hamill","","f"
"42","Jacinto Quigley","","f"
"43","Tyree Bogan","","m"
"44","Prof. Werner Torphy","","f"
"45","Colin McKenzie","","f"
"46","Jeanie Schaefer","","m"
"47","Terrell Maggio","","m"
"48","Antwan Stoltenberg","","m"
"49","Mellie Hermiston","","f"
"50","Clay Vandervort","","m"
"51","Prof. Rodrigo West V","","f"
"52","Sam Bergstrom","","m"
"53","Mr. Jamir McDermott MD","","m"
"54","Dr. Alexys Hand IV","","m"
"55","Prof. Hildegard Mayer V","","f"
"56","Elmira Daugherty II","","f"
"57","Prof. Orlo Mueller","","f"
"58","Earlene Greenfelder","","f"
"59","Dina McClure","","m"
"60","Dr. Kirsten Erdman","","f"
"61","Mariano Wilkinson","","f"
"62","Mrs. Antonietta Flatley","","m"
"63","Donny Barrows","","f"
"64","Kody Ferry Sr.","","f"
"65","Jensen Beahan","","f"
"66","Prof. Sylvester Williamson PhD","","f"
"67","Rosalyn Fisher","","f"
"68","Prof. Norbert Rath DDS","","f"
"69","Irma Schmidt","","f"
"70","Emilia Howe","","m"
"71","Juston Marks","","f"
"72","Sienna Raynor","","m"
"73","Hildegard Legros","","m"
"74","Miss Letitia Brown","","f"
"75","Ciara Brakus","","f"
"76","Dr. Marc Tillman","","f"
"77","Gilberto Fay","","m"
"78","Mr. Harold Fritsch DDS","","m"
"79","Mohammed Hilpert","","f"
"80","Drew Halvorson","","m"
"81","Zaria Hickle II","","m"
"82","Dina Fadel III","","f"
"83","Mary Volkman","","m"
"84","Dr. Monica Anderson MD","","f"
"85","Enola Hilpert","","f"
"86","Dr. Loy Crooks","","m"
"87","Prof. Ernestine Cummerata","","f"
"88","Bette Auer","","f"
"89","Cornelius Blick","","f"
"90","Prof. Clarissa Zieme V","","m"
"91","Ulises McGlynn","","m"
"92","Ms. Pearl Wilkinson","","m"
"93","Prof. Morton Morar","","f"
"94","Mr. Dillan Breitenberg IV","","f"
"95","Mustafa Bednar","","m"
"96","Mekhi Sporer","","m"
"97","Brook Spencer","","m"
"98","Richie Hagenes Sr.","","m"
"99","Trudie Heidenreich","","m"
"100","Jacinto Considine","","f"
